user_id,book_id,rating
42562,2757,3
43232,134,4
37244,1463,5
53366,71,2
29634,3339,4
2268,2250,4
36766,39,4
18377,1544,4
41168,182,5
14453,35,4
42047,227,5
42864,482,3
27058,737,4
33937,6462,5
6400,4427,2
48534,78,3
39681,2119,5
40068,245,3
27520,3966,3
41826,361,5
41122,2384,5
43535,5283,5
17418,2236,5
9224,403,5
16172,5562,3
10617,321,4
46496,5890,1
40374,2506,4
9706,74,3
39507,5814,5
20636,20,4
6657,381,4
25338,586,5
33668,2241,4
50625,1277,5
46728,2552,5
3184,725,5
51408,5374,3
35025,7582,1
24591,3341,5
39198,6394,4
43643,51,4
18768,1033,3
46674,291,4
25366,136,1
22329,291,4
35119,1658,4
33291,1821,4
39097,74,5
14641,177,5
38687,1700,5
35004,737,3
3876,1781,5
967,2672,5
43317,17,2
20587,792,4
33375,374,3
9209,2,5
37169,996,4
27611,8578,5
7727,2890,3
11440,6489,5
15078,72,4
29388,180,3
43079,275,5
15044,820,5
732,1628,4
3170,1050,2
39944,2879,3
41302,4585,2
15756,2116,3
41923,18,3
43408,740,5
17351,1484,5
17253,8543,4
15434,5195,3
8959,1526,1
52559,1163,4
36093,313,2
35729,9990,3
18240,1003,4
49709,2056,5
3332,1024,4
18893,1288,5
41919,2297,4
17392,235,5
52409,1142,4
25633,294,4
38906,110,3
16890,992,5
45284,55,1
10111,1231,4
9570,2993,4
14880,153,3
7354,38,4
33579,271,3
32586,6,4
52018,1139,4
23019,2123,5
13625,13,3
41012,704,4
16580,352,5
41513,2990,5
35065,1022,4
33233,880,3
5980,5080,3
24968,205,3
19832,6311,5
41743,4366,4
44260,1211,5
42758,1651,5
18601,82,5
16763,297,5
44865,137,5
3882,9247,5
7484,200,4
34245,631,3
31412,6930,3
18416,1131,5
17002,196,4
30743,2904,4
14496,178,4
41769,2010,5
8061,62,5
51583,1681,4
3208,1911,4
44474,3873,5
5402,1521,5
17009,1214,1
17187,27,5
29713,736,1
24812,103,5
34242,7766,5
5151,50,5
1535,3780,4
45614,443,5
43514,158,5
19602,1100,5
50485,141,3
10043,730,2
44103,4103,5
10293,63,3
17885,2432,5
12666,7697,3
41848,2647,5
53150,84,3
34151,3395,5
39152,4232,5
16229,30,5
8627,6402,4
7920,688,4
17613,26,3
307,4563,3
13171,6865,4
8914,31,5
24154,3829,4
22599,26,5
28636,5425,4
50240,361,3
8293,1281,4
46875,7847,5
8736,6634,4
39115,2784,3
11687,3354,5
5172,42,4
21317,412,4
28078,239,4
39250,1477,5
33383,313,5
52742,915,4
19159,1863,5
49885,148,5
40948,2,5
5596,8796,5
25973,934,2
11403,722,3
51809,70,5
33422,1168,5
334,5650,3
50017,602,4
6581,695,4
8910,208,5
39838,1023,4
50566,3248,5
24433,824,5
15904,245,4
7812,11,3
17225,491,3
8985,314,4
36708,577,3
52950,221,4
52309,2657,5
875,2193,1
8127,2745,4
6942,354,5
12657,249,3
41852,293,5
21164,57,5
18086,1809,5
27178,5696,3
18481,896,5
32329,8271,4
47477,1,5
16220,688,5
28002,3151,5
29739,338,4
6714,730,4
11343,1883,3
14249,6205,5
47331,133,5
12781,170,3
36363,9346,2
24741,253,4
16598,137,5
34894,49,4
35235,3071,4
11432,373,1
18369,1176,4
16223,633,4
22873,493,3
4062,532,4
19940,1633,5
2235,2802,5
29735,84,3
10990,76,3
15048,20,4
22635,494,5
49004,752,4
6383,4706,5
2686,25,4
24042,5620,4
30366,1631,5
47844,1528,3
30406,691,3
29907,24,5
22873,118,4
16172,3269,3
13150,1764,3
8253,4871,3
30182,5716,5
2302,380,3
9153,400,4
24003,1272,4
34500,1008,3
36699,5791,5
18651,117,5
53031,7693,4
50236,3057,5
48650,367,3
14181,8,4
17972,30,5
5280,493,4
21667,4261,5
29587,2768,4
18426,1921,3
37301,1561,4
27658,670,3
22917,484,3
20330,1160,4
44163,2279,4
24913,402,4
31099,410,3
8923,8836,3
46606,166,3
1674,2953,3
20930,23,4
335,317,3
20455,540,3
12773,1300,3
26788,67,4
14104,2943,2
19527,87,4
52714,9567,3
48840,1516,2
34639,130,3
6669,65,5
21165,78,4
17576,5799,5
26005,208,3
44372,1235,5
7335,4762,3
25180,6334,2
41784,46,5
33776,2,5
5311,4948,4
3098,22,4
50210,153,5
30109,21,5
52913,95,5
467,4520,4
11388,742,4
43532,1567,3
24717,5890,2
18565,4158,1
15390,308,2
43403,444,5
16878,148,4
50795,539,3
35856,7853,4
25472,408,4
6182,1289,4
32212,126,5
39374,7,5
15780,2554,4
19475,4563,3
50884,392,5
27521,4964,4
1244,101,3
50870,2517,4
20370,5596,3
3648,346,3
48796,51,4
26073,1634,3
6608,9103,3
48312,779,5
53170,576,5
39307,360,4
47452,29,5
48384,8148,3
449,362,4
33944,5170,5
13189,130,4
40509,2282,3
6929,3793,5
28251,538,3
5629,730,1
49544,200,5
27574,1342,4
8139,758,2
50159,341,3
48292,8046,5
7139,1,3
14152,223,2
1394,47,4
53398,439,5
29120,7666,2
23759,40,4
6408,2510,3
10870,146,4
48179,4408,4
38507,1776,4
27363,704,5
1603,5756,3
20473,9701,3
30280,402,5
4553,6216,3
38490,9914,5
22599,9555,5
48039,3652,5
33858,251,3
14457,1923,4
43433,1,5
20075,796,5
10454,959,4
9129,461,5
26023,7232,3
2393,1365,3
4609,1546,3
6344,9,3
23641,5340,4
19162,37,3
30759,2769,4
44234,967,4
881,409,5
30160,512,5
14967,1741,5
36764,2918,3
21949,4,4
40429,21,5
49365,4431,3
44072,328,3
19681,1231,1
6087,9409,4
35911,2021,1
21587,379,4
38196,15,4
26580,3793,5
50380,5105,5
21641,3521,3
18942,193,4
14549,2609,4
44776,2989,3
44270,65,5
6425,9346,4
11327,7596,3
38240,13,4
19120,5491,5
9646,33,3
1811,1710,3
21463,133,4
17205,7,4
1169,36,5
50871,1936,4
8465,41,3
51067,16,5
4273,714,5
35701,94,5
24453,1050,5
4489,1373,3
33898,45,1
7346,137,5
26963,891,5
39745,6137,3
17508,6263,5
26732,490,5
42340,2384,3
26328,1450,5
36470,23,5
4588,48,3
20320,133,4
40566,100,5
50162,3316,5
51972,719,5
44913,2529,3
15358,30,4
26251,24,5
41591,14,5
26582,9690,2
7925,1411,3
49068,43,5
26765,578,5
39075,1895,4
733,99,3
36975,2239,4
8110,5218,5
30915,1056,4
835,1544,5
22515,5068,5
7970,2854,5
12424,547,4
4310,233,3
29042,3885,4
8575,1802,3
17622,520,4
42031,35,4
47769,61,4
7068,125,4
3371,7899,5
27738,184,5
8228,2175,3
48460,6868,5
29211,9304,2
18710,4031,5
32126,1245,5
49214,159,4
3104,102,5
8755,1149,4
34642,8919,2
10242,8412,5
18799,366,5
38189,2551,4
11921,5147,2
7385,1482,5
3428,715,5
832,59,3
46947,866,5
22602,733,5
43663,3091,5
25492,3344,5
23684,514,4
3133,13,4
19514,571,3
33497,1602,4
1091,9946,3
36933,4971,5
44817,7914,2
45400,4599,5
43469,9,3
51825,964,5
10690,122,2
45516,207,5
36500,37,5
44065,3475,5
21542,53,4
12683,4396,5
8754,4137,2
17073,37,5
25556,1511,5
8048,1102,5
32380,29,3
52961,2492,4
6283,1839,3
8739,26,4
28935,8,4
16131,930,5
27370,1762,3
37487,3143,3
13006,3699,5
14436,61,3
23749,2148,3
6015,45,3
38719,590,5
19242,2,5
22826,6238,3
34644,7707,5
962,166,4
21638,8274,5
14917,160,3
35853,28,3
20316,8,4
23729,552,4
42897,356,2
23822,356,4
35807,114,3
29912,360,5
48512,3927,5
17939,4416,5
31259,155,5
14947,100,5
27563,3294,5
33386,7203,4
19203,325,5
43115,2128,4
51255,361,3
37958,321,4
29913,349,2
34950,185,2
33591,6465,4
3530,6684,4
45461,366,4
32468,357,4
42584,8734,5
8793,1067,5
27196,824,3
11889,1145,5
30877,1210,3
921,5603,3
39110,5721,5
38471,2395,5
7122,54,5
9804,2,3
35845,27,4
1412,1142,4
7659,62,4
4492,78,3
40565,227,3
24035,6031,4
3767,4445,4
23898,4255,5
2712,104,4
43232,20,1
43370,238,4
13506,18,4
244,903,3
14344,277,4
10759,320,4
41471,556,5
40227,320,3
30834,1096,5
2720,6333,4
14824,2048,4
17236,323,4
24271,222,4
19073,67,1
4942,173,2
2930,3524,4
16733,759,3
2907,2128,5
40733,2554,5
49996,5548,2
2480,3945,3
49818,363,3
40678,390,4
46422,345,5
45209,171,5
52994,5689,3
46175,8135,4
46133,147,5
4549,7119,3
26010,57,3
26988,1931,5
10841,433,5
52217,162,5
32576,136,5
38105,1047,5
39418,825,3
36557,3130,3
49702,3236,4
51411,7450,1
18853,10,3
14076,9180,4
42006,8361,4
52249,1205,4
13212,71,4
35176,1466,3
5849,5642,4
11626,1940,3
39991,5508,4
31794,946,2
5551,1108,5
8661,1273,3
19384,258,5
41434,1962,5
37830,4567,5
11282,106,4
26224,2258,1
10029,53,2
8814,48,4
28086,3089,5
53381,218,3
2117,43,4
31344,69,2
32083,4867,4
5834,773,4
24148,498,3
31262,25,5
9448,1938,5
35450,72,5
8178,59,4
25544,2921,4
11274,15,3
36399,6607,4
5924,179,4
43949,738,5
9477,2899,4
6416,1770,4
31940,2050,4
5109,441,4
43027,384,5
204,7429,4
21180,197,4
48991,1807,2
3255,1766,4
46003,8045,5
28045,119,4
42132,361,4
40949,1469,5
9064,542,5
13058,205,3
32572,18,5
5333,2089,4
24143,3387,3
33708,4739,5
40501,204,3
51104,4393,3
45139,681,4
18616,7292,5
40208,37,5
17487,3353,4
26046,3197,5
45619,289,4
37590,1963,4
10776,894,3
32561,1280,4
49957,51,3
8080,982,3
39729,7102,5
20140,20,5
31951,302,3
1008,5101,4
28544,174,2
2360,592,5
20421,188,5
46302,188,5
14036,31,5
36566,765,4
27288,1405,5
48803,8534,5
45791,41,4
2559,2085,4
52825,499,4
28419,11,1
27620,310,3
18430,2159,4
23695,323,5
3342,44,4
14665,2050,5
37235,1088,4
22282,2196,4
34103,3,5
36231,270,4
33814,212,5
25781,3887,2
42807,281,3
35576,5044,4
566,860,5
1346,4231,5
40984,844,5
7926,93,4
40838,23,3
51807,122,4
17081,388,5
40292,7347,3
33627,5842,4
48981,5646,5
4179,8,3
12154,4729,3
43320,239,5
51253,1241,5
17535,1,5
46979,10,4
33635,7859,5
8029,6000,3
34831,5823,5
47690,8631,3
9235,244,3
45565,1648,4
7450,1173,2
22569,154,4
31195,2369,5
39364,2331,5
2219,6073,3
9244,3876,5
6025,16,5
24109,181,5
50414,2738,4
3878,131,3
18073,986,4
41498,871,3
12987,1631,4
3165,9290,3
24471,1341,3
13244,493,4
4616,1081,4
40597,6055,5
29364,7460,4
22786,3875,3
7826,1177,4
2759,8811,3
26809,91,4
43261,1521,3
8662,192,3
41105,339,5
29703,125,5
18894,313,4
27616,304,4
38275,69,2
32426,417,5
21355,158,4
37652,1627,5
28605,878,4
52646,350,3
19696,6630,4
33841,2433,4
15889,994,5
23349,1057,5
3656,332,3
18526,2131,4
39987,2271,3
40486,3316,5
39373,3745,4
51839,252,5
14240,1102,4
39296,53,4
14201,3714,5
7097,1323,3
36540,8462,5
24110,55,5
5919,7,4
22897,1848,5
36813,701,3
46168,2352,3
30408,655,3
25210,6325,5
36506,280,4
27368,4308,4
24110,191,2
44825,6188,5
9009,295,3
38264,171,4
23594,2578,4
49708,25,5
1539,111,2
47411,824,5
3502,25,5
48831,2,5
37691,8294,4
47951,995,5
52821,3196,3
29947,4341,5
8018,5963,5
47308,608,3
51083,5249,3
49040,405,5
26398,38,5
2062,1168,3
53330,54,5
16801,1594,4
16540,1303,1
11063,104,4
15536,2218,4
38753,16,4
23079,1443,3
25209,1252,5
19228,2545,3
12195,8795,2
26882,2364,4
23645,2763,4
41772,792,4
15467,56,3
39506,1466,5
43273,386,3
40538,270,3
2562,8835,4
20046,656,3
28546,3052,2
41672,235,4
39281,1915,4
42718,56,4
43205,5069,5
26401,212,1
11345,533,3
26058,939,3
44102,1217,4
26288,1303,5
3793,495,4
40767,3490,3
18454,3907,5
4452,1260,4
23826,1812,3
32824,3054,5
816,7429,4
37092,17,5
19602,142,5
13546,1841,4
53109,180,5
17928,3108,4
38512,336,3
29970,58,4
27001,586,1
51734,2104,3
41300,1073,5
13308,249,3
46570,4125,4
12767,8913,4
45833,538,4
52758,1813,4
6655,1404,4
40121,3328,3
38320,57,5
20689,138,3
29827,306,4
51563,5627,5
49006,9132,4
11543,165,4
35258,2048,4
39049,167,4
31121,43,5
38707,482,4
22433,3654,4
15556,559,4
52163,3423,4
34383,1686,4
12295,754,3
24094,2096,5
22707,857,4
52596,5396,4
13394,442,5
22744,3213,3
3607,9,2
45744,3670,4
49851,42,3
32487,207,2
1515,256,2
43171,1720,4
46457,6143,5
31333,1288,5
5821,495,2
37909,4131,5
49410,590,4
28540,4,5
49624,4897,3
23786,1195,3
47288,2813,5
18545,6381,3
40386,60,4
12884,5869,4
14316,119,3
29539,1519,5
24019,6016,4
49753,107,3
7734,403,5
17381,118,5
52372,4382,3
20904,3,5
41961,205,3
6713,3885,4
37783,80,4
27918,5176,3
45947,38,4
34615,3,4
28323,6755,4
52604,270,5
4578,248,5
12811,217,3
36775,50,4
2480,3162,1
25598,3328,3
28578,790,3
1625,138,4
8378,791,5
21809,8417,4
23867,672,4
52796,1248,5
49889,22,5
51082,957,4
52199,8869,2
9554,833,4
19500,59,5
45463,2722,4
51531,23,5
27315,1813,5
46176,135,4
30426,444,4
5025,1481,3
44680,1368,4
6611,948,3
10622,1296,3
17744,404,5
30779,3206,4
15316,207,4
20101,8035,3
33390,1,3
6595,250,5
6525,3794,2
32411,2065,5
12122,7289,3
13591,2,5
1424,231,5
42235,48,4
33736,38,3
25406,5727,3
1320,6445,4
27891,17,4
15131,470,4
52939,56,5
47928,407,4
41063,220,3
1829,29,5
53401,66,4
52867,105,4
19814,3481,3
52493,906,5
10097,5363,3
44604,577,4
46644,832,4
32247,8298,3
37264,80,5
47769,1297,3
38102,387,4
41649,302,5
47142,28,4
35958,906,5
17881,47,4
22034,63,3
2614,745,3
43348,331,4
50153,21,3
27165,347,5
48028,1352,3
19099,238,5
36750,575,4
50727,2899,3
51364,11,5
52362,959,2
46927,562,5
45430,7197,2
31238,9561,5
6615,102,4
50969,80,4
35960,588,5
40730,3705,5
38762,684,3
43137,1,5
10479,180,3
51683,5284,4
17517,2907,5
16455,396,3
7108,2928,2
5911,658,1
6670,6338,3
37508,2872,4
13646,1094,3
33181,1038,5
19847,1752,3
15311,32,4
19802,543,5
21344,1221,5
24778,7499,3
28416,738,3
3537,3195,5
51553,1187,5
1030,398,4
18173,679,4
1850,57,3
6999,56,5
34273,1226,4
7792,160,3
11410,461,5
15731,18,5
21185,241,4
39636,115,5
15272,424,5
8533,467,5
20018,780,5
42375,38,5
32537,191,4
22323,1160,4
44256,47,5
27798,950,5
50537,8189,4
19485,1607,3
24598,272,5
6260,4526,4
51853,6,4
4624,51,3
43858,644,4
52729,2522,5
45643,282,3
47106,290,3
41940,7085,1
6083,164,4
24811,2826,5
8321,6824,5
34891,360,4
29998,3813,4
19656,223,2
14423,36,3
45387,1005,4
47418,51,4
33236,900,3
33918,707,5
49981,2467,4
33308,611,5
25083,1402,5
29131,119,4
8370,2927,5
24034,2559,4
16809,1082,5
17962,1585,4
1979,15,5
9735,1177,5
43210,701,3
50847,6320,5
1187,207,2
27775,3355,5
7120,5627,5
51196,1072,3
41680,6334,1
14334,49,5
42498,98,3
28918,150,5
48324,104,5
10772,89,5
11184,25,5
38150,5313,4
29161,2094,4
16974,53,2
20073,1294,5
21390,7828,3
30072,7697,4
11687,235,4
27366,5,5
47440,1245,4
38888,1855,5
33570,3212,5
43120,377,4
51516,27,5
42454,3,3
39493,3204,2
29123,12,2
49056,2548,4
40134,1532,3
26632,168,5
6849,5694,3
42365,63,5
29811,19,2
19478,267,3
23874,66,3
16948,67,5
22806,3510,5
41377,464,5
6307,3648,5
19626,328,5
24291,229,3
25550,967,4
16089,1301,4
10952,150,4
8052,435,5
45459,47,2
41230,782,4
5812,1806,4
38290,982,4
49256,781,5
48729,57,3
10124,6822,3
35123,1492,4
42064,443,5
43279,4452,3
30320,6108,3
19954,417,2
1556,744,5
50566,154,3
52919,161,4
31342,61,5
28132,308,3
31942,106,5
40397,6,5
15207,4349,5
25372,67,4
36604,2,3
13236,491,4
4759,9892,4
8070,70,5
8228,721,4
23830,243,5
48814,8,3
22951,700,1
13855,8507,3
14975,6260,5
11189,582,3
23142,342,2
46740,21,5
24418,147,5
47042,990,5
32066,2314,5
37519,198,1
53379,208,4
19897,125,5
3065,673,4
17790,177,4
27214,122,5
30071,90,5
33119,47,5
1845,577,4
10534,5867,3
29670,5105,1
44156,149,5
42393,1463,4
35374,2383,5
11961,335,4
48952,595,2
50091,7,2
17649,474,5
51960,8668,5
39933,317,3
10979,189,4
2632,1665,2
30631,176,5
39034,1252,4
34956,385,4
27678,110,3
5851,3792,4
44037,1646,4
3116,49,2
43311,9638,3
21760,111,4
18472,4172,2
44042,492,4
43057,1393,5
48668,685,1
18827,859,4
42147,487,5
27461,557,4
7194,4160,3
30844,7064,4
51153,196,5
18880,64,4
34396,506,5
42836,68,5
39479,85,2
49942,270,5
35676,29,2
8824,576,3
7451,669,4
1661,508,4
45157,2181,5
4796,436,4
33083,1035,3
38327,12,3
1255,4354,3
16923,1797,4
31854,9752,2
34167,90,5
28833,3916,3
37623,4056,5
7944,25,5
51239,160,5
9913,1161,4
14062,89,5
26698,227,5
23731,1296,3
27391,582,3
48841,1316,3
22004,1456,5
20566,24,5
17075,2546,2
27060,1978,3
47224,21,5
40433,99,4
52481,6188,4
33256,1795,3
24274,1185,4
27095,738,4
32794,1979,2
31970,2409,5
30949,9948,5
52659,68,4
9417,999,5
26323,1051,4
4761,81,4
5289,3135,3
5351,1097,4
19723,2574,4
30817,1722,5
30232,3901,5
7992,168,4
16330,59,4
20473,234,4
22619,962,5
1864,972,3
12310,1553,5
49935,876,5
2845,137,4
52803,24,5
45901,9492,5
21177,797,1
44220,429,3
31227,323,4
36890,348,3
6539,1014,5
27584,5311,5
20226,9118,4
9097,1625,5
52932,14,4
13143,5047,5
22935,546,4
44078,1161,5
11473,3513,4
15118,2251,4
3475,4605,4
22865,331,5
27254,3391,4
43530,309,4
12456,1537,3
29782,992,3
5701,3832,5
51430,3717,3
15185,697,4
34348,642,5
26261,1037,4
2919,983,5
19033,8640,5
15193,1004,5
21907,548,3
1781,7266,5
36464,140,5
41749,19,5
1440,809,4
6871,70,2
15873,996,5
47212,2327,3
12791,913,5
41972,3180,4
34355,889,3
28011,733,3
31074,557,3
21771,1670,4
15593,1021,4
1772,7372,3
13410,2927,1
12336,2091,4
7155,3357,5
18511,2980,5
621,1219,4
1632,3643,4
4021,3523,4
42103,4564,4
29652,1222,3
51464,429,4
14009,1142,4
44765,8919,4
12090,1210,5
1478,9542,1
3523,660,4
33684,5214,3
2631,522,5
10973,93,5
47160,140,3
2087,8,5
45120,4339,4
14570,15,5
6176,1307,4
11019,4044,5
19986,354,4
14320,8491,4
51690,1328,3
10945,80,5
19495,284,3
32849,2677,5
55,124,4
38791,1295,5
33608,1181,3
15946,2100,4
43796,1359,4
26446,2219,5
39282,1992,5
30939,4007,4
34213,325,4
14401,3880,4
46418,132,4
36230,1448,5
34301,5720,5
24050,117,3
3244,236,5
46558,3701,4
47014,67,5
11667,32,4
32831,1690,5
34366,9,5
9762,2157,5
29396,1339,4
11396,3173,4
44880,134,4
52721,7706,2
41708,1445,1
4572,2614,3
38320,261,5
10211,289,4
16226,80,5
6610,640,4
23680,199,5
14795,161,4
26601,78,3
45402,6857,2
49612,119,4
51557,996,4
27394,575,5
34559,132,4
24335,26,5
26165,48,4
21757,353,5
13649,9928,4
16540,8,3
2139,5700,3
28823,690,4
18584,299,3
46090,9118,2
21658,2368,3
2351,145,4
48052,9247,5
40255,991,4
48946,2491,4
35705,48,5
14411,201,4
51939,160,4
5564,6627,4
13908,4619,3
25523,162,5
33297,1086,5
28140,7815,4
32236,456,3
7151,1630,4
36904,3644,4
2501,23,4
9900,861,5
14591,11,5
40122,84,5
44629,5389,4
42538,2097,4
19507,6146,4
44038,58,4
3488,135,5
1748,668,2
6270,2075,3
53352,1578,2
29867,191,5
17858,24,5
20017,1184,5
2774,478,4
23980,9232,2
18111,511,2
7717,570,4
6114,986,5
38596,1145,4
3177,372,3
14094,1224,3
22859,30,5
18906,1390,3
37542,600,2
49723,179,5
49183,48,5
33834,64,2
14528,232,3
15532,9771,3
1844,98,5
13772,986,3
32253,778,4
30915,211,4
32066,538,3
4750,686,2
3232,3293,3
30696,3263,5
27293,95,5
22413,1654,4
9427,12,5
20929,3517,4
28780,9070,5
53294,1487,3
18499,250,5
36781,224,5
12762,301,3
4330,3531,3
29817,108,3
30757,7144,5
7820,1465,4
45521,270,5
9597,48,5
26840,1932,5
11015,395,4
36247,672,4
44305,977,5
7029,1164,5
46469,24,5
17267,834,4
12085,2038,3
7350,1199,4
46580,188,5
35755,39,4
2008,6410,5
50036,5258,3
45365,5311,3
31118,2985,3
20405,1321,5
7223,17,5
12118,11,4
32887,277,2
34681,453,3
1608,704,4
50516,2833,5
5780,602,4
53103,7121,2
51101,115,3
32508,37,5
27267,96,5
1693,3025,4
8124,991,5
40143,1421,4
47990,2396,3
42619,6841,5
4698,1538,3
23683,196,5
43858,2139,4
29176,1364,4
32411,9446,4
7634,17,4
20017,76,5
47887,24,4
5947,852,4
46004,64,3
32100,2216,3
9322,126,4
3239,74,3
14471,215,5
51424,56,4
35769,434,5
990,658,5
10856,1246,5
15048,1195,3
17594,3329,5
3912,8075,4
20441,8005,4
41300,101,5
16120,7666,2
6935,4509,5
51434,459,4
6197,43,5
51169,4,5
33204,3046,4
32419,497,3
20658,1630,4
30062,2181,5
25234,2421,5
45726,64,4
10554,732,3
28679,763,3
44825,168,4
52054,3197,4
7222,2290,4
22743,410,5
21512,3,3
33336,3496,5
34372,9976,2
44947,131,3
595,2421,3
42349,798,5
6302,9,4
16207,2274,5
45776,5026,5
23569,161,5
17347,562,4
17962,1815,4
50435,4229,4
22897,5693,4
12015,75,4
27549,714,4
31860,332,5
20863,2936,4
25280,8785,4
11136,3966,3
44604,23,4
16929,5189,4
10165,267,5
13693,8348,3
41474,9727,5
27407,3967,5
10277,217,3
21253,1479,3
18628,3403,4
37330,702,3
3525,793,5
36769,1017,4
5813,4964,2
15539,2931,4
36670,3820,3
20155,3194,3
251,682,3
11300,1932,5
16301,1502,5
19290,455,3
46867,712,5
3392,1102,4
39199,108,4
13893,477,3
43018,1816,3
44226,4074,4
42581,84,4
10451,5997,3
5628,6180,4
20446,2895,4
41286,6516,3
3177,5327,3
856,335,3
20010,6348,5
44905,1532,3
49115,36,4
15475,6955,5
19317,1286,3
5853,826,3
22910,6726,5
18625,6051,4
869,188,4
7937,693,4
1455,8068,3
10256,67,3
8454,478,4
26017,447,3
38268,206,5
12258,231,4
16260,803,4
52830,416,4
21994,544,4
26345,689,4
43007,117,4
51761,36,4
46845,4175,5
32197,4,5
39360,626,5
39462,3169,3
14467,763,4
26001,1,4
49388,342,1
48887,2524,4
30352,21,5
932,50,5
11166,5680,3
44150,17,5
34522,61,3
586,3599,4
34544,527,2
5164,1410,4
20701,6,5
46082,208,3
109,93,5
34308,79,3
24622,1763,5
8040,722,3
765,2464,3
50422,1608,5
31868,58,3
50595,1517,3
23345,79,2
13696,17,4
33994,32,3
17032,8,3
7333,3790,3
41665,437,5
22141,451,3
41447,6006,4
31259,1033,4
13226,2666,4
47580,8142,2
24813,82,3
1177,1912,4
2516,785,5
5377,2717,3
15354,441,5
14142,99,5
5845,4724,4
27369,89,5
16342,27,4
9234,196,5
5807,4938,4
28440,18,4
26884,145,3
39324,1295,5
52666,3569,4
30741,1703,1
1467,2945,4
33698,112,3
46659,736,5
36810,207,5
29406,8832,4
13622,1623,5
405,9077,4
40796,124,3
40309,5589,4
22799,3504,1
20093,2458,4
41126,8972,4
45797,7321,4
22941,758,5
46186,106,5
12621,4740,4
40581,8965,5
24397,2091,5
29072,7134,5
4929,3149,4
37944,1049,5
45361,3346,4
33975,9296,3
1375,2456,4
937,513,5
37599,522,4
40102,228,4
40770,1596,3
39507,5316,4
36528,3252,3
29607,116,4
52343,210,4
7577,1250,4
2768,412,4
42915,8588,3
35577,3835,5
51426,9054,3
2274,4127,5
50118,1076,3
46753,6,5
21484,1,5
44842,659,3
12674,2452,5
17800,32,4
38574,1997,5
16301,842,4
51312,8322,4
19257,4493,4
44084,7371,5
47400,6537,5
34135,7157,5
14741,4429,3
9198,219,4
27060,3638,4
50183,3753,5
12764,2395,4
31278,3153,4
38673,473,3
3500,2005,3
35577,999,4
27472,5351,5
12316,142,5
38656,8095,4
10331,2598,4
29548,5611,4
39242,3291,4
39568,5898,3
8983,158,4
5119,408,2
17056,9,3
53143,394,5
20328,17,5
6019,4304,3
20028,1196,4
34402,1817,4
14078,861,5
48050,1131,4
23346,540,5
11778,850,5
43328,835,5
552,520,5
11281,453,3
3567,397,3
39945,72,5
46789,276,4
24803,2,5
24190,1306,3
38947,300,2
13726,5103,4
24889,492,5
36227,5562,4
45892,782,3
11618,4888,3
1136,2646,2
7832,4067,3
33325,2213,3
6595,5980,4
43733,4057,3
13893,2053,4
422,278,5
52661,147,4
18934,1402,4
18415,811,5
44780,4156,4
44227,3734,4
43492,2142,4
32625,3769,4
28775,4607,3
1002,52,3
49566,4077,5
14173,64,5
20162,773,4
48416,3267,5
45831,435,4
47414,1009,5
33847,7639,4
43371,122,2
45974,64,3
39897,2577,5
13880,405,3
8878,7386,3
2728,4150,4
6924,5129,4
35295,1688,2
46079,4553,3
51167,27,3
37782,591,4
20071,247,4
9811,806,4
45402,126,4
2648,1279,3
29637,624,5
17143,944,2
25048,119,4
39462,48,4
18906,23,5
24256,1721,4
51637,104,5
49869,4765,5
21483,1,5
11281,2294,4
49717,659,3
10224,148,3
44704,1987,4
32619,297,3
40039,355,4
29858,21,5
44447,2666,5
49715,402,5
38489,4482,5
45260,8657,4
42542,2395,5
10925,337,4
10338,773,2
42695,2780,5
35986,362,5
51850,182,5
6567,681,4
19210,501,4
12014,602,4
38794,3133,4
31154,4351,5
5375,1749,5
5414,3537,2
31430,2129,4
27987,38,4
34808,1266,5
52458,2690,4
28558,2,5
27674,46,3
28616,231,4
26793,3198,2
50889,9745,5
19546,2990,4
292,269,2
17559,2311,3
41785,8924,5
6823,1520,3
34429,377,4
18445,369,2
19650,9288,4
11193,6073,5
14069,110,4
6316,1,5
29189,255,5
42806,1318,4
33066,3720,4
36303,6366,5
385,6158,4
39053,921,4
7392,6279,5
36394,6246,5
19009,276,4
51303,8886,4
16860,1695,4
40228,7849,5
37229,305,4
17419,302,3
30686,814,4
5587,1225,4
6563,67,4
10825,132,4
42629,1811,3
37448,8469,4
41319,848,5
31430,4331,4
24842,315,4
7543,376,4
30797,2509,2
32308,107,5
24869,1278,2
20706,65,5
50398,357,3
28287,809,4
46645,24,5
23207,5174,3
3685,1917,4
35533,541,5
20359,3318,2
43009,2798,5
9247,3724,3
23596,6220,4
46624,272,5
35172,7125,5
35476,212,3
46175,2825,4
30442,9439,4
50635,860,4
50287,3690,3
16922,8494,2
26427,1030,3
38880,1100,5
1780,119,5
20657,2862,2
33902,3072,4
53345,2563,4
8332,56,2
4805,1547,4
17359,1377,5
124,2944,3
24540,6854,4
39731,199,4
30670,7802,4
16328,77,4
13490,1326,3
5131,340,5
23691,1575,4
36169,5498,5
10972,4624,4
8575,179,5
10202,938,5
5260,1252,3
29851,310,4
12313,2008,4
42038,3138,4
14137,108,4
3601,256,5
51927,288,5
46234,345,5
48555,396,3
9786,2673,3
7653,7,4
20429,1,4
18205,7911,5
26188,208,5
5804,426,3
43635,5975,4
28101,352,3
21829,1057,2
7720,1005,4
1682,219,5
12579,3115,4
49091,408,4
49297,74,5
27677,714,5
23233,103,5
37266,9798,4
50977,5860,5
50195,9508,4
28608,7078,4
1853,1736,4
20888,1081,4
30173,278,4
18966,1314,5
36015,4063,5
18369,653,5
10245,37,4
48300,4722,5
7610,355,4
28379,20,4
13138,3778,1
19282,4201,2
9040,7353,3
35377,2738,2
5396,25,4
42297,27,5
38640,5417,3
13333,8597,2
7287,95,2
45012,919,2
40907,843,5
556,184,4
27236,2110,4
28054,754,3
39336,86,3
21527,9417,5
49385,400,5
20664,168,5
52726,158,5
43508,123,3
10297,2478,3
34619,92,4
10917,273,4
2951,2946,4
27078,979,4
41263,6432,3
5753,29,3
33815,3122,3
13737,2245,3
18244,190,4
49153,1274,5
43683,241,5
51073,8324,5
5697,2282,3
19169,1236,5
16771,1895,5
29102,4266,4
30886,71,5
39099,8896,3
11730,4815,4
15735,1987,3
43349,1891,4
6946,572,3
10353,2546,5
39336,6071,3
15133,12,3
35300,3807,3
30447,308,4
28178,1656,4
8310,135,3
14931,50,4
28115,2523,3
24993,213,4
30887,5526,4
52655,999,3
8229,91,4
17483,135,5
33879,1300,4
27890,129,5
43342,7344,5
48755,6173,5
30145,7495,4
18308,3403,4
33994,15,3
25572,432,5
27211,479,3
14926,118,2
33123,36,3
42280,4048,3
27007,2088,4
42590,652,5
47823,14,5
27503,418,4
53104,79,2
44104,3785,4
46309,897,4
25119,8841,2
8415,7,4
41457,3764,5
20383,1491,5
12933,9701,5
15766,85,4
27,31,4
4195,198,3
19009,41,4
12401,63,5
6269,2071,3
271,71,4
21751,5659,5
22126,131,5
12234,859,3
9887,7118,4
8581,3506,5
37487,8445,5
39800,38,5
24435,6924,5
25321,1274,5
2141,83,3
1920,617,4
42711,1707,1
44289,6345,5
50983,4183,4
31420,373,5
35546,3870,4
18093,1171,2
17809,1084,3
34902,4821,3
52003,7632,4
10348,3321,5
50815,62,4
42140,9,5
36924,6301,5
37487,1108,3
44842,688,5
46567,20,2
34945,6596,5
23109,2309,5
24609,7278,5
9882,601,5
20715,46,5
1959,3613,3
11502,4188,4
3990,277,3
21338,1038,5
29661,4281,5
39650,489,4
16045,714,3
45051,3798,5
36346,78,4
31408,1954,4
16641,3918,4
1151,3820,5
2970,1057,2
27855,28,5
29873,148,3
50682,29,3
17683,168,5
4707,4414,3
36179,853,4
12925,15,5
31816,1066,3
29663,113,1
23400,1099,3
22517,337,4
22795,207,5
29959,391,4
4025,1452,5
45136,5666,4
12828,9259,4
38914,3818,4
11583,701,4
50616,66,5
49572,18,5
15755,4425,4
40663,28,4
20787,2,4
37487,2927,3
16368,1855,5
39537,4538,1
34580,15,3
38907,8,4
36551,4176,2
50147,167,4
42414,11,5
51364,1407,5
1428,149,2
30528,112,4
28026,40,2
27841,16,4
22054,1771,4
44682,2404,5
7805,1178,3
19733,467,5
612,5556,5
31722,190,4
26204,910,5
9264,150,4
44862,841,5
37466,8269,4
5342,7258,3
26760,2405,5
4287,49,3
50787,14,4
30037,97,3
39616,3804,4
3759,220,4
42981,86,4
41924,4258,5
25242,6599,4
37539,246,5
42944,13,3
16884,116,4
2971,603,4
47101,1387,3
40721,242,4
53141,35,5
35967,6985,4
560,106,4
20848,388,5
7095,21,5
25450,150,5
37631,409,3
46656,5268,5
50977,4815,5
40865,244,4
15216,570,4
38082,2497,5
18418,20,5
32182,39,5
22927,408,5
22799,4660,5
888,4788,4
7963,755,4
42254,404,4
10239,1582,3
28136,9888,5
25263,696,4
29722,556,3
47165,2026,5
906,1228,3
12904,249,2
20895,161,4
3079,50,5
24872,7013,4
28448,1533,4
1514,173,3
41866,554,4
30664,4435,5
1536,425,1
6856,438,4
46629,24,5
43975,108,4
17333,1496,2
43163,13,4
23037,7731,5
42731,2379,3
15138,572,4
22445,4797,5
36400,210,4
32184,7555,5
30722,2292,4
26703,1199,5
36265,107,5
17943,962,2
37638,4968,4
20433,1162,3
5667,1153,3
19059,1975,5
34649,763,4
34723,542,1
17912,28,3
35949,1749,5
15861,6912,5
32291,4577,5
5653,3471,5
31875,353,3
25778,316,3
15645,7328,3
25977,893,5
4059,1,5
40258,346,4
48913,1040,3
48983,43,5
20086,2923,5
1042,2157,5
41295,5632,3
43195,628,4
33527,98,4
22888,100,2
3353,666,4
8494,8406,2
12655,4021,4
21414,205,4
51496,8041,5
35742,1713,5
7780,2462,3
46712,2462,4
20387,1329,3
4906,136,4
52086,2369,5
40724,648,5
39705,364,5
28973,869,4
38022,301,4
19410,1379,4
11412,819,3
7123,2379,3
37501,656,4
35192,41,3
19673,501,4
16507,2193,4
2490,37,4
19259,107,5
53162,1538,4
5753,503,5
19314,546,5
1760,9974,3
24502,2202,3
515,1186,4
33087,241,4
36317,2092,5
44874,609,4
12584,2832,4
31124,3965,3
17727,6191,3
241,300,3
12412,1065,4
6992,225,5
14205,30,4
33002,2913,4
37078,2223,3
26797,441,4
46780,7408,2
12726,369,5
41713,3141,2
29251,929,5
15809,92,4
8054,2121,5
4702,5107,4
25527,934,4
13893,453,3
15968,20,3
6077,2117,4
39751,1419,4
32026,7160,5
52520,1308,5
467,8412,4
20787,45,4
42069,91,5
8094,2862,5
38437,86,4
21839,7640,4
48967,7061,5
33679,4543,5
5725,277,3
44588,180,2
44473,9496,3
14568,23,3
53337,2300,5
14335,5309,4
21897,281,3
15795,1172,5
1709,323,3
28341,1405,4
53000,1,3
23994,6337,5
33851,475,3
20671,2,5
2454,1655,3
1995,109,3
13624,111,3
7223,136,4
186,117,3
17145,30,3
52772,488,3
12518,6410,5
7122,590,3
52526,21,5
46520,155,5
3736,30,4
44606,2,5
17016,1,4
20573,118,2
27917,1555,4
9644,70,4
3228,6914,4
13282,62,2
833,1664,5
4358,1014,5
36259,1505,5
50892,838,4
47113,2996,5
48283,3053,5
15378,38,4
14404,641,5
5767,6870,3
26530,2506,3
35502,1144,4
39509,1272,4
2936,3608,1
46332,1021,5
42806,5460,4
26098,20,4
23243,127,4
26640,506,2
47969,27,5
9013,8138,2
4428,1965,3
2947,2903,4
21986,230,3
26576,1749,4
7890,319,3
48250,1174,2
44553,33,5
29099,9397,3
17781,427,4
5336,3979,4
29094,8993,3
47752,1592,4
24261,866,5
13513,1196,2
36002,590,5
33082,1323,3
28,653,5
7938,649,4
52545,7240,5
38477,379,2
27599,27,4
29160,71,3
41756,474,4
18611,8963,5
13976,412,5
15370,117,3
15067,2522,4
32138,1722,3
2208,9814,1
3471,1041,5
49669,6,5
12033,153,5
36866,527,1
4775,4051,2
51517,3727,3
3567,24,4
26769,1215,3
1919,4594,4
5714,39,4
10097,2769,3
49458,3295,4
26920,16,4
20192,143,3
45329,2411,5
45929,3834,4
11976,253,3
29815,1159,4
23803,1248,4
35457,46,5
23894,6064,3
13198,3421,5
12103,63,3
46200,2040,5
45116,7635,3
15177,7056,5
45442,7120,5
339,619,4
7701,386,4
7641,100,4
22201,3134,4
36494,335,4
9474,2939,5
20640,2680,5
34736,296,5
23316,547,2
19702,7277,3
11455,181,3
7367,12,4
50957,2747,4
38140,125,5
15203,650,3
39816,480,5
16764,20,4
32676,12,5
34754,2088,4
22081,272,5
21687,1020,5
1804,2,4
12940,228,3
49876,4651,4
34816,962,5
43816,1516,5
19169,271,5
1729,456,5
52663,4862,4
32087,1154,4
10202,6941,4
18404,193,2
25244,733,4
40875,2198,3
19257,534,5
27128,7007,4
25803,754,4
20345,232,4
29916,4680,2
28825,6987,5
31514,1465,5
760,7412,4
5366,60,4
9646,7953,5
30459,279,4
49996,463,2
39443,8665,4
12107,3,5
6042,8038,4
523,516,4
44264,2126,4
24211,810,5
19423,14,3
32362,6437,3
47187,4822,5
20972,372,3
27935,3943,4
29624,640,5
6272,283,5
37670,3,3
52255,350,5
34653,566,5
37133,2826,4
41621,6699,2
337,1973,4
49567,3879,5
32264,308,3
22248,4108,4
122,14,4
20334,1041,5
46849,1707,4
20143,467,5
18488,858,2
30610,149,2
35467,24,4
1833,457,3
26369,1570,3
4146,5145,3
39069,204,5
21181,119,5
15847,576,3
43694,264,4
53224,390,4
424,172,3
18066,554,4
29603,5,5
48333,2590,4
12716,98,4
15684,1520,4
20912,8291,4
19977,34,3
33638,60,1
41041,285,3
25815,2322,4
9263,37,3
33668,6508,3
10396,719,5
22120,1566,5
8617,415,4
2523,8302,4
24914,84,3
21389,285,4
27698,230,4
9414,126,5
40459,6874,5
14062,4718,1
13997,91,4
38545,140,4
12065,2110,5
36589,280,4
45399,1,4
31944,10,3
5530,100,4
28370,97,3
21901,665,5
21593,113,5
28240,349,5
46856,2561,2
7008,94,4
5594,1833,4
30196,5695,3
8405,8294,4
1428,1174,4
36513,2293,4
16113,802,5
8629,1,5
34067,3460,5
33075,731,5
41157,5642,2
12453,119,4
39719,99,2
16053,37,3
18371,2641,5
8466,1996,2
34295,363,4
48279,1257,4
6418,912,4
18485,593,3
35983,264,3
43155,65,5
28160,2350,4
34919,3715,3
10503,868,3
31993,69,3
35251,170,3
22866,321,5
17673,2339,3
31120,660,3
9485,1464,4
17436,1857,4
30667,142,3
17452,1,4
31578,129,4
3671,1112,4
158,599,5
11845,1407,3
32748,182,4
44214,284,1
47422,347,4
15312,5242,4
3370,856,4
52361,3571,5
8018,1399,5
15164,279,1
49976,2522,4
8234,1411,5
51005,337,4
45490,7028,4
48740,4753,4
45291,6502,3
9129,172,5
35603,2600,4
33861,2175,5
51460,200,3
9901,3162,3
10455,168,5
51590,9919,4
10163,36,3
22530,19,5
41033,692,4
36040,4135,5
34326,729,5
20479,1592,4
51495,1676,5
11212,1356,4
47407,4351,4
27009,84,5
50029,2181,3
176,24,4
682,624,3
82,1283,3
2085,160,2
38201,1131,3
45414,3916,3
32252,7906,5
22530,347,4
2240,9671,5
20300,1922,5
24116,650,4
38583,45,5
34442,18,5
37313,902,5
11073,457,4
41131,1273,4
1602,3466,4
23818,798,4
4696,255,2
29233,10,3
23519,54,4
28162,237,3
20521,566,4
9710,1206,1
47484,29,4
92,3314,4
8399,2129,3
10156,97,3
15374,273,5
35667,3852,3
13374,1362,3
13499,1674,3
25889,5698,4
1498,968,4
5967,1525,4
8591,8309,4
35458,153,4
10071,293,3
12550,1727,5
52165,7118,4
51605,2147,3
30569,342,1
14982,5929,4
8641,447,3
25927,3994,4
22077,4646,5
10997,157,3
18109,65,4
37163,170,5
36687,91,3
45257,54,3
47578,2267,5
31691,31,5
40787,1887,2
32555,1160,5
5623,81,2
22559,5218,5
29764,258,3
16566,857,4
14689,834,4
13319,2498,2
49041,229,4
15296,1900,4
51535,172,3
34994,787,3
39208,1280,5
13384,26,2
22937,2598,4
12195,4234,3
13209,2549,3
32193,4384,4
34891,3092,3
24389,2996,4
22882,167,3
669,4813,3
9015,287,3
30612,1800,5
43271,169,4
11674,495,4
50315,2156,3
7151,3287,5
24175,4440,4
31138,5746,4
44427,2364,4
45464,2,5
22186,5117,5
50400,723,2
17439,558,5
36387,375,4
39989,15,5
19135,182,5
42508,977,4
52364,633,5
31102,1716,5
23288,1069,3
34915,426,5
28765,5831,5
7302,497,3
14680,7300,3
51597,315,5
5957,5182,5
40242,9777,4
755,1065,5
25838,584,4
29080,1222,3
20642,3559,5
15699,22,5
4041,11,5
14508,622,4
20747,338,4
26474,224,2
416,811,2
18384,1521,4
29268,1838,4
2426,680,3
32067,7,2
37499,375,4
10970,217,4
50268,2043,5
18296,663,4
44430,7493,4
47847,1230,5
45835,83,3
26729,159,3
44069,5568,3
41976,32,5
40244,175,4
26210,48,4
4141,1175,4
976,326,2
36734,614,4
16337,5564,4
38690,854,4
49901,1093,5
20703,1825,5
33623,33,4
9791,1326,4
36109,194,4
39356,198,4
25070,1912,5
20953,298,5
23434,1209,4
7323,3427,4
50235,306,5
21015,3615,5
29449,6406,3
37171,4037,4
32740,6964,3
37582,2737,5
40118,1069,3
31393,193,5
35765,286,3
27887,217,3
6775,8111,4
22960,116,4
10834,452,4
575,8079,5
31356,2644,5
9415,728,2
10965,2371,5
49153,665,4
29890,301,5
27877,7,5
8035,1767,3
39900,614,5
43977,4990,5
46932,684,5
21549,2669,4
34244,9453,5
34299,1034,5
15819,89,5
38835,192,4
26103,7371,5
34472,766,4
52740,52,2
34494,401,2
29183,6366,4
48475,309,5
23402,131,5
14409,978,4
48372,3696,5
47785,3712,4
21778,341,4
5202,487,3
16194,81,2
28296,2627,3
13139,504,4
25570,1548,4
25802,785,3
50289,125,3
658,2937,5
3215,770,4
7409,3519,3
29335,1324,4
14081,123,3
3137,520,5
24664,16,5
46888,2512,5
41499,59,3
31002,121,2
44937,5378,2
12194,15,5
32918,170,5
26077,5540,3
51063,18,5
47582,12,4
19875,212,4
5341,169,3
51270,1285,5
48162,2021,5
52603,17,5
46222,538,5
20619,29,2
38941,320,5
8875,2137,4
26534,27,4
938,1655,4
30155,1,4
8509,332,2
6037,6,4
47235,2863,4
7057,8663,5
8454,3080,4
6101,677,4
14185,2657,2
11061,1225,5
28524,2567,5
50475,868,5
40672,2477,5
14281,2071,4
12091,4520,3
27066,1768,4
3848,2271,4
7512,2102,3
18838,481,5
51875,3866,5
47950,1323,3
12608,6751,5
47383,428,5
2200,164,5
43756,140,3
37555,9,4
47503,232,1
24960,98,5
11060,1975,5
23207,5818,4
32882,1381,4
27435,8660,4
21551,471,5
26611,4037,5
43159,49,3
37695,150,5
2432,175,4
31640,413,5
39625,34,3
42186,8,5
11215,22,5
9143,943,3
36805,679,5
21349,4146,4
16082,997,4
5995,296,4
28004,121,3
10135,265,3
4269,828,5
1203,354,5
49505,4414,3
8454,587,4
30131,1712,3
40010,2816,5
5457,7836,3
29178,199,5
14627,529,2
28026,1806,4
44534,258,4
694,89,5
6718,547,4
37586,2668,3
38093,8256,4
16728,37,4
14727,219,2
30199,51,2
27947,939,3
3980,126,3
39899,4744,3
8755,569,4
32307,227,5
30032,1270,4
13626,3417,4
31136,4491,4
37243,714,2
13898,3793,3
43875,2723,4
14536,1247,4
45062,2350,4
44909,495,5
27167,906,5
43651,298,3
53170,479,5
43780,388,4
9797,6998,4
4484,341,4
25325,1881,4
20261,694,3
12536,586,4
23884,4158,3
14548,136,3
18183,1323,4
2342,3613,3
19961,303,4
2768,2095,5
29418,1898,3
52506,47,5
30145,900,4
7987,7856,4
52204,9855,3
9127,9964,4
43176,1109,3
22243,31,5
47322,1155,3
48476,3199,4
27730,9841,3
1599,272,4
10543,7,2
7090,6072,4
26323,272,3
5769,2691,4
19986,977,5
12239,2959,4
2469,2786,4
18758,721,5
19099,66,4
13152,5026,5
17899,271,4
10067,62,1
28124,404,3
40850,4298,5
30690,69,4
346,699,4
39057,37,5
13954,4586,3
32505,516,5
26224,1071,2
24529,1465,4
37666,61,4
45322,691,5
26932,508,3
27033,6959,5
31443,789,3
5126,3315,5
45025,1759,5
23278,6156,4
13104,1251,4
47124,2820,2
16832,5577,1
46131,741,5
17067,347,3
9225,7023,4
35652,5519,4
51741,2676,4
50965,5779,4
50551,62,5
16487,176,3
39403,684,5
36103,5282,2
12118,4756,2
526,2590,4
8574,943,3
11454,3267,3
8630,28,2
1218,136,5
25398,110,4
26091,557,4
27494,4955,5
24700,3045,4
30980,1247,5
49526,279,4
16203,328,4
41706,495,5
22542,3785,4
33575,2659,1
10106,365,5
8397,52,4
35982,937,5
34328,9723,5
19014,332,5
23319,3876,3
27721,8,4
6927,901,5
41470,6913,4
53081,4466,4
35560,49,3
7525,161,5
45431,72,5
10503,998,5
29605,5638,4
12468,277,5
53053,602,3
37036,494,4
1621,1557,5
34423,1360,1
34775,9810,2
43924,76,3
47164,661,3
15344,1439,4
51055,945,3
47390,190,5
9772,80,2
7884,140,3
9334,1768,5
27845,1851,5
38992,84,4
35229,257,5
51403,43,5
7628,251,5
38570,4260,2
26294,234,4
13820,30,4
29452,3378,4
39220,100,3
8609,1629,4
27122,3388,5
20072,3194,2
41747,3216,5
2658,37,4
23086,2975,5
17285,1678,3
10933,46,3
24649,5848,4
51834,1355,5
38865,1987,4
15943,228,3
41959,237,4
16784,2476,5
14980,218,4
29530,132,4
11991,2361,4
8506,3839,5
47499,550,4
3062,324,4
18237,8155,5
6288,68,4
34733,9310,4
45821,1513,5
35984,29,4
49967,6435,5
50545,119,5
33017,8829,5
5923,201,3
52460,4961,5
27319,1094,4
12214,1251,4
40368,563,1
14220,124,4
33373,359,5
3399,1326,3
30159,5208,5
7299,4336,4
13444,1152,4
52876,5359,2
40201,222,5
10465,4439,5
26167,1938,4
12923,144,5
19909,1977,4
2142,1755,3
45096,4058,5
34739,55,2
52012,551,4
30163,2975,4
14099,3741,3
15775,426,5
16498,8,5
37616,6169,5
13150,2218,5
6885,1385,3
5095,64,4
2625,2441,4
45023,9063,3
33309,3381,4
14043,1391,4
10702,1841,4
39387,20,5
990,313,4
43060,9052,5
13606,915,2
30350,6474,1
269,727,3
41603,1738,5
22907,766,4
25407,206,5
53084,15,5
26221,3817,5
20155,1400,4
22321,139,4
16807,258,4
26037,478,5
10414,2879,3
48157,861,5
33257,339,5
6313,5448,5
15228,209,3
30206,5266,2
46619,1653,4
18262,342,2
12875,1890,4
1298,2229,3
30550,121,5
44310,3989,5
37083,142,5
38868,4365,5
39532,714,4
14443,2289,4
2392,6488,3
20394,238,4
7694,4418,4
39385,3843,4
11162,5627,3
24441,144,5
38070,393,5
29388,265,5
43887,4978,4
3820,606,4
42284,312,5
2585,479,3
29112,529,3
6177,1046,3
30602,234,4
35307,2124,5
8526,2025,3
36470,905,2
20113,5527,4
35255,113,3
3777,1331,4
8029,203,1
6119,5632,4
40039,18,5
11052,1606,5
41013,1803,3
36189,3731,2
47650,193,4
8642,1208,4
43356,636,1
24514,8,5
26661,2,5
32309,9856,4
5675,63,3
49301,451,5
18938,263,4
18313,54,1
38751,1099,3
40942,863,4
7088,243,5
38187,91,3
29522,429,3
33086,3405,5
31313,76,2
48514,340,4
45766,42,5
3265,2352,4
40103,381,2
6700,192,5
43885,519,4
16145,1069,5
52463,1320,4
16531,358,5
16585,1841,4
8473,1524,4
44763,2054,4
20358,1430,4
8617,927,4
51858,295,5
1408,27,4
30240,714,5
18624,309,3
10765,3454,5
8289,1102,5
18637,290,4
17270,300,4
1936,31,5
872,716,4
48008,395,4
21935,1775,4
10738,740,5
53393,8133,4
34554,59,5
4026,1901,4
31608,149,3
49700,853,5
42852,1706,4
35561,333,5
44692,279,4
1674,6283,4
51765,5712,5
44250,7426,3
4020,270,4
13246,560,4
14399,843,3
27271,2881,3
34629,146,5
53196,939,3
22362,201,4
27335,6315,3
1266,3955,4
26964,1765,5
39847,5948,4
45327,704,5
14811,236,4
25283,62,5
24510,298,5
33508,6,4
11651,360,4
23534,2300,5
25661,2679,3
20762,505,3
41898,1561,5
46628,3954,4
43220,3087,2
29007,1590,1
24291,346,4
17551,1542,5
6427,1477,4
42990,7622,4
39419,8731,2
32122,48,4
20070,2821,4
14331,1845,5
40841,746,5
14352,307,5
9928,1669,4
35299,31,4
16200,2197,4
40181,675,5
24594,695,4
45736,684,4
9348,5994,4
7529,4068,4
20835,1248,4
34159,1285,5
21009,902,5
13921,2556,3
23522,251,3
17306,8662,4
46904,2473,4
1254,665,4
25451,31,5
36234,4079,5
9123,1902,2
31141,95,4
3559,1451,5
43416,55,5
40048,8,5
15173,7906,3
9528,722,4
12279,191,5
26750,332,5
40557,595,4
5814,912,4
15686,106,5
12810,91,4
16371,145,3
23512,3325,5
36000,7147,4
46849,318,4
13783,1008,4
22740,1393,4
52957,43,5
27705,221,5
43202,6472,5
20205,2537,1
18783,2214,2
25316,1066,4
36016,178,1
39019,279,5
4514,177,2
46699,8967,4
9686,322,4
23504,140,5
46717,1619,3
29645,2629,5
37043,2,4
13607,6161,3
19266,2473,4
30498,2260,4
51864,536,4
37019,1418,4
17663,2049,5
17664,958,4
29978,536,2
22357,944,3
50054,559,3
25317,5878,3
58,66,5
38564,7662,4
22818,1,4
25464,86,4
17879,145,3
5710,75,4
3401,35,5
6532,3291,4
4163,6634,1
2261,1042,3
13857,6956,4
42367,6001,5
50130,633,5
27729,92,5
53044,316,5
32808,3564,3
17763,595,2
15673,542,2
29109,749,4
24879,1666,4
32625,21,4
49325,276,5
124,3516,4
3323,3134,2
4864,126,5
24365,863,5
18875,5496,4
53296,1170,4
10529,199,4
47175,32,3
42185,916,2
49950,428,4
38355,3942,5
10728,1223,4
30119,5647,3
47383,446,5
35090,8526,5
36620,3473,4
25694,219,4
14121,3220,5
24332,1506,5
45990,1196,5
16434,120,3
14303,899,3
31818,1033,4
35625,1569,3
25230,840,4
22071,233,3
50838,431,4
47714,6716,5
19795,243,4
9786,3357,2
24038,15,5
5812,244,3
39152,72,4
30012,142,3
12048,358,5
4662,2412,5
20456,4784,4
52276,332,3
14513,50,4
50201,435,4
41146,3001,4
6932,3394,2
39555,6214,5
9946,5775,3
48304,7908,4
35740,91,4
17940,244,5
34407,199,3
12959,2050,4
42778,2884,4
20511,1950,3
43777,4410,5
35479,4,4
868,6261,2
32630,7212,5
4061,5,2
45811,82,5
45962,94,4
22682,4860,4
11915,2079,5
14504,3484,5
9579,597,4
51661,2253,3
19183,24,4
44411,5015,3
12730,896,4
41989,7060,5
27911,17,4
38102,300,5
44634,4091,3
40011,1170,5
1232,161,4
21557,5025,5
39964,1226,4
51523,393,4
49564,2070,4
20579,8673,4
21667,116,5
18440,318,4
24320,4107,5
21194,802,4
31276,327,5
9030,17,4
22229,2571,3
2944,953,4
48072,3384,3
47704,420,2
30007,1332,4
31513,7059,5
39776,435,4
51481,43,5
8756,2999,4
9530,2985,5
28547,1075,5
50386,4662,5
1541,405,5
9566,5067,4
34791,98,5
39494,2705,3
45039,2,5
17013,602,4
10143,2624,5
19640,71,1
2159,1007,4
51414,1122,3
24905,2081,5
17741,819,5
53166,2548,3
14981,210,3
4000,4788,3
48551,46,5
24907,293,3
44170,3,1
15409,4700,4
33255,2475,5
42953,327,5
16981,4140,5
36911,1614,3
16975,4192,2
51606,178,4
38714,3345,4
53135,7813,4
28767,11,3
25771,744,5
23275,4602,3
47610,845,2
42956,701,3
6713,13,4
40092,986,3
8241,188,5
38443,965,3
21592,806,5
19117,953,4
39839,3242,4
39687,1216,5
16606,1238,4
30337,336,5
9557,1497,4
29082,2079,5
5742,6428,5
154,489,3
24609,706,5
11781,1851,5
31603,4748,3
3376,1001,4
5328,134,5
19948,293,3
18397,1077,2
11386,70,4
32661,433,5
31535,1070,5
33626,1119,3
26608,6426,5
7580,518,5
33615,2632,5
29814,3849,4
3751,5950,4
20787,1024,4
34539,6664,4
39481,714,4
7668,486,4
3532,50,5
10564,8748,4
3873,745,4
1993,2078,5
44520,4986,4
13279,14,5
13159,2961,1
34392,306,5
21926,14,5
35760,1108,5
23176,1,5
8870,1221,5
32499,19,5
49460,122,4
13552,4,4
23423,131,4
42156,302,5
1597,463,5
42458,148,4
19265,3058,3
51922,7,4
16519,2543,5
16123,2430,3
18524,264,1
24574,8993,3
7067,1583,5
50639,200,4
8907,6702,4
26152,379,4
43663,3118,5
29606,157,5
91,24,1
23352,3213,5
29577,1025,4
39553,3312,4
41580,135,4
36160,8432,3
7541,2540,5
23882,14,3
25228,11,5
19813,3517,5
40421,5140,3
32100,1433,4
30012,6496,4
10183,439,3
32053,18,4
38966,872,5
21789,335,5
2438,1722,4
12890,301,4
44191,781,5
26661,1006,3
44448,603,5
25896,1006,5
35091,362,3
22053,2079,3
42012,3474,4
2319,209,3
1570,36,4
20870,135,4
19160,335,4
22839,438,3
9251,1199,4
6,177,5
39795,430,2
44929,1272,3
48135,138,4
15229,1312,3
30711,5003,4
43314,994,5
34446,4009,3
47204,44,3
44934,1541,4
51493,451,4
18827,9,4
6490,330,5
34804,496,1
39091,163,5
22993,1054,3
39241,8504,3
28724,154,5
37992,789,4
28872,2064,5
39605,119,4
24485,5353,5
44796,778,4
34610,157,5
6803,180,2
18032,5818,3
49340,380,5
41192,22,4
22085,414,4
340,3086,4
12645,24,5
14347,15,5
44224,9503,4
42754,2032,4
22589,172,5
36068,20,4
27679,594,5
46685,150,5
21322,37,5
6419,142,3
4829,1236,1
40330,227,5
20382,2486,3
37709,1277,5
29055,3661,5
34886,5078,5
15129,3198,5
14523,593,4
21002,492,4
27720,3120,3
26169,1886,5
34673,4971,4
24227,4338,3
6722,1283,2
14829,688,4
26121,4604,3
52773,129,5
47450,8818,4
21269,8524,5
30968,1103,2
42905,24,5
36351,477,5
580,1411,2
12262,2600,3
30082,2452,5
10320,3446,3
24531,140,4
49870,2262,5
38481,4374,3
13299,2142,3
43703,9009,3
36542,974,3
7557,6585,4
3834,1441,5
33500,264,4
7431,1186,4
48888,7927,2
52571,142,5
51667,7123,4
14361,39,5
43847,682,5
35540,3387,5
26471,8878,4
9317,447,3
48096,2219,3
15202,170,4
7016,7721,4
30719,4,4
46157,4339,4
21092,6141,3
40446,1476,3
15998,93,2
15903,478,3
35630,3771,5
13084,1088,5
27878,831,5
39470,308,5
36266,87,4
8361,330,5
37534,7816,4
23058,575,5
36128,5727,4
44075,330,5
7670,352,3
50366,95,3
53176,2976,3
48800,1502,5
30472,117,4
44295,363,5
31502,449,2
21363,631,4
39933,3912,1
43622,265,4
34126,1818,5
7044,1155,4
18660,8,4
52520,393,5
9625,1216,3
39466,1449,2
52036,531,5
22486,1196,3
53270,506,5
38528,3218,4
14387,1375,1
10580,3267,5
2381,276,2
5976,2,4
11708,6181,3
15775,982,3
1273,387,3
8591,1172,4
20217,1224,3
31907,1624,1
28245,429,4
17427,135,5
22038,3436,5
27511,2214,4
17474,969,2
52431,4525,5
40961,2687,4
38468,9537,4
43844,644,5
30987,457,5
5577,872,2
17042,24,3
48909,212,4
5576,32,3
10779,8,4
40681,1596,3
49343,4845,3
41568,667,3
19449,831,4
20572,2383,5
5190,216,3
30429,8404,4
28667,431,5
2716,162,4
34624,2405,5
27017,395,3
30201,1018,4
17381,279,4
49202,17,5
13179,1,4
14500,33,2
32592,463,5
5032,3973,4
3398,1800,3
3436,574,3
52191,867,4
31987,36,4
18715,461,3
39702,499,4
36941,1192,5
33517,169,2
4289,2324,4
7153,794,5
36608,2210,4
31713,2904,3
7656,67,5
50837,3787,3
30944,1368,5
10707,1282,3
42510,1777,5
18533,25,5
19502,69,3
27144,3331,5
20493,37,4
38608,54,5
25468,637,5
15107,7414,4
47572,77,5
38456,492,3
1997,5614,4
31660,7078,5
37653,501,4
14026,191,5
29072,34,5
19212,9830,2
26317,116,5
52604,2738,3
35496,206,5
8642,966,4
5818,596,5
19142,779,5
5111,5580,5
8723,32,2
29555,1100,4
3090,3164,4
15562,299,3
30799,4623,3
14618,12,4
34736,519,5
46172,4974,4
39799,623,3
27317,1126,5
10959,3838,4
39909,5429,3
44942,8098,5
50262,39,5
15037,3957,3
34566,16,4
17337,296,5
22596,5392,3
49476,633,3
49704,3826,4
20009,113,4
26324,87,4
28340,2887,5
9384,1689,4
53102,3362,4
33330,36,3
49491,833,4
400,129,5
45879,91,5
14137,1436,3
6853,1601,4
4495,50,5
21989,126,5
26732,721,5
22500,376,3
39467,7,4
25665,452,3
7703,177,3
2821,6364,5
800,8020,4
21038,6231,3
2184,2470,3
51046,74,4
51212,5555,3
9445,1901,5
46351,4738,5
42086,2585,5
34146,16,5
53121,9852,4
34794,7363,4
1089,948,5
18302,948,3
12193,50,5
19405,4322,3
10620,8036,5
9599,388,3
2663,21,5
14504,802,4
26403,83,5
32210,441,5
36676,407,5
27908,857,5
50274,108,3
4726,3046,5
36691,546,4
33650,836,4
20510,320,3
43066,528,1
29302,9588,4
19209,839,4
53057,5,4
44420,415,3
28644,6750,3
13069,1479,3
4562,251,3
5039,215,5
38177,1877,5
35893,476,5
448,127,5
7195,3171,5
23594,121,3
11607,692,2
45394,384,4
18127,126,4
2869,135,5
45142,1068,4
7318,784,5
41046,21,5
39610,2427,1
45137,433,5
618,967,3
43639,49,4
35144,745,5
52340,321,5
52595,2976,5
8259,430,3
2842,3116,3
34879,3928,5
6833,974,3
34309,4777,3
14115,219,4
19311,1082,3
9555,245,5
47476,476,4
47010,485,4
1226,9246,4
15559,4,4
14155,48,3
42200,1096,3
16348,9002,2
51832,110,5
36606,31,5
7340,90,4
16974,1100,4
5928,646,5
42099,6355,3
36557,115,4
39465,395,4
51051,294,3
22410,103,4
18683,111,5
21257,3396,4
20542,2163,3
11251,884,4
51078,2491,4
38988,2518,5
2599,297,5
29353,96,3
30919,4069,5
27040,5431,5
33475,1269,4
29394,6484,5
46673,2151,5
46948,93,5
53373,116,2
30517,2416,5
36921,6141,5
13075,374,3
23294,9,5
28433,346,3
20025,132,5
17909,183,5
33618,1575,5
21857,196,3
20419,817,4
17363,4,4
27404,8461,3
27408,487,4
4233,383,2
40435,7041,4
50925,2990,5
28256,255,4
35104,285,5
36596,1340,4
20017,258,5
8966,3997,3
7925,9348,5
13429,2094,5
4364,997,3
10271,1216,3
20888,57,5
27201,2578,4
4997,4,5
42128,2850,3
32209,9765,3
43078,184,5
47317,180,3
49940,171,4
46212,114,3
23160,3979,2
44777,9,2
9969,3054,5
33992,4160,3
31599,2611,5
3371,121,1
3278,205,5
50317,232,5
19678,4333,4
35991,1392,2
48104,391,5
7232,8251,5
1331,2556,5
32448,2401,2
10414,3047,5
31086,1152,5
3320,8,2
14330,6208,5
22967,1024,4
17932,74,2
19647,6,5
15407,1457,4
30926,80,5
27488,40,3
5678,18,5
44357,4601,4
17273,941,3
48764,2713,5
29454,70,5
47580,471,2
41741,628,5
48532,50,5
12667,7393,5
33265,7122,4
25927,3520,5
5003,179,3
24454,31,4
38118,430,4
31578,2002,5
36503,249,4
12887,3919,4
37733,37,3
18607,4841,4
20751,5660,2
35337,7748,5
52353,90,5
15302,438,4
28563,1469,3
15839,5468,5
45822,1812,4
50841,10,5
17440,53,4
3814,663,4
20907,102,5
16724,140,5
16906,8082,5
6203,5323,4
31683,112,5
51683,497,4
28000,2754,4
12841,69,1
36760,6888,5
5594,2350,4
25621,1740,3
21914,1382,3
285,141,4
25364,68,5
39077,1594,4
34629,1,5
29073,200,5
26932,46,3
27404,3053,4
16899,620,4
51175,668,4
1084,1538,3
35095,1350,5
43378,4729,3
45792,949,4
30852,917,4
31419,407,3
13051,40,4
47421,1968,3
25494,7,5
32621,6357,5
22682,227,3
51567,1337,5
49332,1186,5
8350,7968,5
35674,162,3
34917,539,5
29401,3,2
17170,1410,2
33588,1071,5
14974,4942,5
53392,421,3
14453,3795,5
40625,8279,4
36953,23,4
33947,7075,4
18823,5906,4
38082,72,5
20825,1373,4
44584,23,4
17081,2076,4
2713,3456,3
52044,2431,4
41633,2415,5
8159,136,4
7065,1210,4
20678,2078,4
42797,2864,5
31938,578,3
16454,2547,4
51489,1710,3
29108,23,5
14947,4133,5
17915,786,5
22429,75,3
17418,8008,4
21049,9841,4
50086,90,3
5468,31,5
40739,1013,3
50573,9695,3
35236,14,3
26612,5,5
11232,114,5
46268,1581,3
24919,1901,5
37502,2368,4
29301,229,5
5094,1607,4
35157,345,2
38696,220,3
33410,5519,3
50739,2606,4
11657,8630,4
39990,713,5
4812,3433,4
30876,1555,4
17368,1491,2
24316,30,3
30748,285,5
1667,139,3
44342,161,4
52788,152,3
36856,598,4
35207,497,5
52232,55,4
45259,4195,2
38464,9061,3
11936,3856,3
42389,2168,3
14891,3669,5
16514,1010,4
49949,11,4
33775,3,5
18828,1114,3
12829,83,4
45381,6815,5
12316,588,4
21901,1462,4
35209,1105,5
19155,1419,4
22163,93,4
49620,264,4
42999,2703,4
49017,7523,4
6830,1161,5
25836,721,3
7675,836,3
620,33,4
20234,639,4
40854,6286,3
9626,1310,4
25612,4863,5
48325,5505,4
28464,948,4
29909,60,5
26369,7337,4
21470,836,1
36781,68,4
21250,1633,3
1949,6072,4
28183,456,5
53310,701,1
1205,1038,4
13670,5,5
5219,22,5
51664,9588,3
27862,963,4
8744,4219,3
15964,6341,4
27569,15,5
29305,287,4
24826,680,4
41089,1540,5
31760,311,5
48182,3607,5
15639,1993,4
11891,23,3
2437,815,3
28033,796,4
20355,94,1
19028,1273,3
24760,239,4
27763,332,5
19731,671,4
39070,225,5
35419,2041,3
51761,1957,3
30565,661,5
25733,1559,4
23004,42,5
12107,230,5
23623,9163,2
44951,839,5
47982,49,1
29261,523,4
33371,44,5
40008,39,4
31106,2,5
19144,401,5
4033,8,3
41328,4291,4
52001,60,4
13413,5880,5
43537,1831,5
47326,72,4
22620,21,5
27072,7,3
42123,1318,4
23869,103,4
43734,5162,5
1774,400,2
16244,497,3
25209,2917,4
1349,563,3
49022,6815,5
48894,351,5
10146,1569,4
42761,2353,5
21200,155,5
22924,6126,5
42083,5939,5
13697,1791,5
29241,8051,4
40687,59,4
600,1573,2
8546,1181,4
28876,98,4
20463,6845,3
5991,2368,4
12026,2653,3
24213,4377,4
1815,486,5
35795,5574,3
30289,395,1
29814,5451,4
19271,4509,5
46905,5852,3
27501,553,4
8448,178,3
19758,29,4
9843,7336,5
12836,1943,4
15183,8455,5
51128,44,4
12266,6331,5
39183,4561,4
50468,2532,5
42554,46,4
32708,94,2
42910,54,5
19905,471,5
24524,743,5
19104,1148,4
51253,5903,4
30464,7037,4
5216,8767,3
238,8760,4
6690,1038,4
50927,5389,2
16227,304,3
39302,145,5
45799,244,4
45376,8225,4
37110,3077,5
22895,464,5
23697,1907,4
32569,178,4
19416,936,4
43251,1581,4
9005,259,4
25024,484,3
23132,70,4
2688,1199,4
26396,268,4
26135,50,5
37024,386,5
52763,3465,4
16636,645,3
42177,4508,5
16522,103,5
47401,19,4
26085,5584,4
44172,74,4
11488,339,4
19530,334,4
35004,3446,2
33445,37,4
25169,2067,3
44558,7213,4
31916,1162,1
10775,5135,4
24686,2746,5
26973,604,5
34967,56,4
15024,921,4
27035,349,3
32129,693,2
6339,2086,5
28272,527,5
3658,40,3
41069,3951,5
13468,402,5
53032,5627,5
3708,301,2
51175,4115,5
33738,807,3
3471,478,5
37197,3931,4
36233,509,3
15296,5949,5
22666,5707,5
8479,139,3
51918,728,4
27760,279,4
38733,9731,4
25087,405,3
4613,98,5
38638,4254,5
16010,1809,5
24415,229,5
487,1895,4
20345,6356,5
1320,335,3
46912,4783,4
23693,9988,4
9431,473,1
36718,3623,3
31842,341,4
41662,3025,3
32014,7650,3
17381,350,5
33510,1825,5
24802,7,4
32474,2239,3
44242,14,5
8037,365,4
26938,1815,3
19603,1044,5
41532,524,4
38982,4560,3
20036,140,4
38163,502,3
7610,404,2
3352,3478,5
20787,52,3
41959,2005,1
36477,264,3
24391,1525,5
52668,5364,5
39097,971,5
14119,557,1
14497,2357,5
49030,23,5
7752,4407,4
22985,4375,5
8242,44,5
7403,1468,3
1290,1326,4
35400,1207,3
31858,479,4
33441,6286,4
7101,178,5
23875,1107,3
5929,2121,5
492,4041,3
40098,369,2
32232,386,4
16344,178,5
14654,1804,4
17863,1158,5
11854,620,3
35251,32,5
15197,911,2
33142,713,4
28963,286,4
30006,106,4
860,2307,4
925,2698,3
1309,21,4
12454,649,4
23134,1041,4
16240,1108,5
34766,426,2
36620,927,4
22198,4393,3
13235,1566,4
12739,6325,4
11434,1351,5
39532,3833,5
1827,8475,3
248,306,4
44406,1858,3
43548,9496,3
51077,4457,4
16011,2195,4
30093,2343,5
32909,5786,3
19959,44,4
45659,1,5
29131,9,1
18820,1185,3
6515,4953,5
26640,2998,3
24446,354,3
3306,4282,3
4563,217,3
16115,291,5
8459,46,4
32130,132,3
33622,255,1
13815,881,5
17667,2597,4
7509,1213,3
8277,724,5
29682,25,4
22960,6842,4
11299,4092,4
10305,29,4
31921,26,3
27605,201,2
36262,9206,1
5202,575,5
50274,1597,5
35157,489,3
21321,686,1
20085,206,4
15975,98,5
13327,410,3
38331,347,3
42873,5328,5
30687,5203,4
28562,153,5
12722,1139,3
18037,6944,4
14370,1791,5
1521,496,4
45195,155,3
2608,1834,3
11716,1566,3
38831,311,4
6378,3022,4
24769,362,5
26981,437,5
5606,2,5
32855,227,4
39035,4282,4
45680,196,4
31591,2793,4
12450,349,4
3950,20,3
42526,8884,4
9916,117,5
43284,908,3
29565,1008,4
30033,273,4
26505,74,1
46866,9293,5
50681,17,5
32397,1954,5
8626,1465,5
16817,472,4
52044,239,5
37336,5538,4
42837,67,4
36132,695,4
7,2347,3
13670,322,5
19419,2967,4
33882,7168,4
7441,5186,4
9211,712,5
18456,4435,5
7438,1292,4
44930,767,3
41972,418,5
2091,604,5
35707,4273,5
6559,37,3
13120,29,5
46890,1007,3
37787,244,5
26427,150,3
15291,628,5
48588,140,5
41141,12,5
36453,2529,4
21712,819,5
983,121,4
4888,2067,4
40772,261,4
45751,1996,5
48313,440,5
7524,5134,5
33729,1202,4
39945,209,5
45350,35,4
4634,9434,2
4933,87,5
870,641,3
34980,4847,5
14899,752,5
48400,5747,4
11957,47,2
16490,5462,3
51705,8592,5
28819,2579,3
26108,26,2
34143,4214,3
28568,6359,4
18357,99,1
16664,315,4
33157,1620,3
42542,415,4
11338,4096,5
4111,668,5
51385,1380,5
19119,267,5
53324,7108,4
23860,34,1
12645,1271,1
25856,3438,2
41695,1945,5
23879,5653,2
44387,706,4
28463,3311,4
13655,1273,5
46651,814,3
50311,1207,3
29374,328,3
606,5906,3
26066,1670,5
13520,4549,3
2645,934,5
52469,1,5
30315,856,4
19684,239,5
3956,134,5
28618,1492,5
30052,925,4
52585,3727,4
18284,311,3
6405,2054,5
37029,927,4
32725,721,5
10511,2388,4
34596,376,4
7029,208,3
25799,7093,2
8699,483,2
1491,323,4
44156,4094,5
39334,96,5
25153,27,5
38541,5919,5
48934,3139,5
1786,297,5
37239,2102,3
11084,2116,5
49850,1100,3
45447,1971,5
25323,547,4
2774,170,2
697,105,3
50526,2505,4
19213,8018,3
11846,264,4
21547,2843,4
39203,1693,4
44777,3085,4
31252,1404,4
44253,791,4
12898,665,5
28458,454,5
49970,141,5
48541,2369,4
13191,8456,5
51922,835,4
8261,8359,3
32408,523,4
41457,3451,4
22091,762,4
44785,977,3
26760,3713,3
33771,636,1
50845,4995,4
3775,9439,4
3531,801,3
25978,29,3
4710,3100,3
13354,3681,3
3102,1,4
17722,25,5
33323,3053,4
22475,7,5
18206,1052,4
16480,1000,4
50404,3451,4
39068,7200,4
26715,7262,4
37384,2155,5
51383,148,4
45921,129,4
35040,1727,5
44602,33,5
14336,138,5
29182,2382,5
15250,1835,5
41051,2523,4
27375,90,4
34631,33,5
10390,7014,4
42370,97,3
49530,6,3
34763,1534,4
15576,3211,4
33305,29,5
41904,15,5
11040,3724,3
27073,98,4
48555,1801,4
4149,2455,3
15831,63,4
4925,8678,4
48868,8595,3
20524,6102,3
12434,733,4
16087,35,5
45602,7192,4
22658,42,4
8337,143,3
12938,7,4
40660,9778,4
7967,3642,1
44331,251,5
30885,7528,5
8371,5006,3
34640,256,2
31880,3042,4
35130,8730,5
32464,1252,5
19442,2196,4
14597,69,5
26095,352,4
6285,320,4
31419,885,2
49530,2496,4
23761,759,4
49221,1588,5
51399,185,4
12016,3477,5
31552,354,3
27039,6793,4
38971,319,4
38170,1002,2
36149,1692,4
1701,467,4
13087,382,3
16640,1873,4
21283,2502,4
33697,1137,3
14984,1369,5
2894,1482,4
39299,7195,5
14082,3871,5
11818,143,3
33096,62,4
31936,398,3
29770,4646,5
36656,6100,5
52393,3504,4
8612,523,5
12300,11,5
1985,4604,1
422,11,5
40453,490,5
48971,3021,5
2824,1222,3
18531,9287,3
27884,2088,5
22206,81,4
41271,4386,4
30993,56,4
40424,436,3
11090,11,3
47696,2106,4
24278,371,5
27317,57,5
31642,243,4
3117,815,3
48556,6144,4
29785,172,3
15775,60,2
27163,17,4
52805,3657,5
36324,28,4
44638,613,5
34838,1555,2
36037,383,3
5080,264,2
23112,50,3
24281,1064,4
47407,901,4
174,5478,1
28422,49,1
9181,1646,4
52455,179,5
13208,33,5
41922,3783,4
14242,39,4
39587,121,3
18606,1,2
2209,32,3
50185,225,4
41368,739,4
24554,7687,4
8878,2863,4
40255,1599,4
23310,1395,1
42992,2623,4
3629,62,4
3859,1092,2
37459,349,5
11645,1785,4
10296,1,5
25396,976,4
3884,2352,3
9422,171,4
11209,696,5
45067,183,4
1368,495,2
22674,1130,5
51837,4804,3
35030,661,5
3432,1807,2
2929,2,5
2813,5288,2
36212,7303,4
17489,3738,4
13307,928,5
37877,2864,4
3402,354,4
13166,5141,4
26376,324,4
41369,1002,5
13897,8655,3
39871,2328,5
26875,1056,4
43915,6506,4
30674,1347,4
6634,959,4
30187,87,4
23074,39,5
48623,87,5
22172,112,3
33609,2993,4
18530,7344,5
42244,1628,4
15302,2516,4
12834,74,4
50010,3,4
7900,618,5
26825,573,4
13192,260,4
44418,5063,4
5704,2824,4
42237,10,2
28755,7680,5
26630,4052,3
669,124,4
36351,715,4
40126,9105,2
39609,544,5
17333,76,4
39330,2311,4
24244,84,4
9983,4494,4
22744,976,5
9691,38,3
34430,683,3
23885,5568,4
26858,466,5
28057,3023,5
50178,1204,4
32589,326,5
35785,1292,4
22718,5609,3
2445,436,2
23148,125,5
22992,644,4
96,2039,3
31205,5026,4
32080,5643,5
32683,2954,5
8905,113,3
33791,136,4
23949,8334,3
17953,1578,4
20872,65,4
2285,241,3
52044,4970,5
34214,9412,5
45540,4439,4
32993,60,2
37840,2,3
44537,236,5
25641,3516,3
389,828,3
35652,1892,2
22382,472,5
21331,352,4
51400,4378,4
33069,1156,4
46989,22,5
23327,839,4
9032,1640,3
46862,930,4
29613,17,5
26489,1435,5
34352,1893,4
15715,4658,4
17504,2209,5
40991,770,3
40977,833,3
47314,1808,5
21081,79,4
24510,1969,4
43450,30,3
30915,6564,4
17435,21,5
40137,654,5
5847,666,4
48165,997,3
8743,177,3
7955,994,4
40251,102,5
2262,138,4
7973,2037,5
32460,1069,5
52779,1089,4
23175,3161,4
44691,713,5
27397,8436,4
7762,5013,3
15772,143,4
16227,258,1
29401,63,3
18708,2702,4
4532,99,5
37600,4844,2
46935,413,3
8986,4372,4
49013,208,5
28538,646,4
28616,8974,4
17554,99,1
22492,457,1
41403,211,4
29153,21,3
6683,106,4
35636,109,4
30411,1486,4
27181,3765,5
35687,6204,3
15240,321,3
35827,42,5
51260,671,3
36459,2571,5
42429,934,2
34382,3372,4
34902,1341,5
13025,1590,5
50032,549,3
12585,61,3
34418,3299,3
5434,7703,4
12061,48,4
30195,3511,3
37772,9444,4
37746,400,3
23895,175,5
1352,646,3
34899,224,4
44343,160,5
29264,621,5
34797,1757,4
25384,814,4
40454,3221,4
48070,252,4
3016,121,1
46972,63,5
28513,3732,4
616,353,4
40023,751,5
18859,72,5
30496,7529,5
12001,3904,4
46047,1438,1
36133,695,4
22137,2792,4
38720,289,5
9165,75,3
24771,18,4
25025,1045,5
33400,124,5
25101,732,5
6721,1768,2
52325,1575,3
7904,85,4
24485,2070,5
40490,540,5
8936,31,4
29217,319,4
2378,10,4
36962,26,4
16579,3104,3
3401,1,5
26202,48,4
2304,63,2
29835,2955,5
50154,891,4
44752,1086,4
51701,8511,2
27477,3699,3
14407,3507,3
1689,6389,4
34661,346,4
33367,8577,5
47651,480,5
8977,2568,5
11235,6,4
10872,1832,4
4136,1651,4
28598,634,5
19162,376,3
38556,53,4
35795,294,3
16555,996,5
22395,110,5
45774,8050,5
3189,6216,1
41755,2203,5
22078,1391,4
50686,1932,5
20215,110,5
12598,172,5
22826,1607,5
35334,476,5
10657,4599,4
48124,2156,3
15126,6497,4
30159,5606,5
40935,6260,4
10402,157,4
9843,95,5
13055,3265,5
11440,3862,4
36621,419,5
7784,712,5
46394,1670,3
43271,127,4
2618,3239,3
50631,30,4
6126,116,4
43524,473,4
52411,1811,4
36042,6044,3
31757,166,5
42007,408,3
36218,4616,4
19501,6036,5
27934,353,5
7634,1975,3
9606,1269,4
5447,3052,5
44858,329,1
52538,56,5
22012,8870,5
25081,8773,5
7729,8318,4
31782,1767,3
33665,1598,5
48829,67,5
29865,7591,2
13269,2811,4
10481,5861,5
50972,392,3
2543,1757,4
6446,63,4
4473,177,5
51316,30,3
42443,329,4
50678,3076,3
37194,1396,4
24902,488,5
41650,3,3
9805,75,1
20361,6730,4
12100,1820,5
51590,621,4
36784,16,3
21361,5643,5
22695,687,4
45911,285,3
3979,825,3
7660,2455,3
48392,3926,4
5560,12,4
3190,530,5
13134,642,2
17256,287,5
46753,5461,5
4426,9852,4
25515,78,5
51578,4321,4
47775,879,5
31512,1279,4
2016,188,2
18997,1139,5
30073,8960,4
39574,3699,5
10554,9022,4
44480,122,4
19178,64,4
2811,1067,5
22044,91,5
40799,2251,5
7652,2157,4
17985,2024,5
47792,13,4
24018,9206,4
37238,1581,5
21600,3,4
46943,35,4
22011,7992,3
30056,1013,4
35812,415,5
49148,2498,3
13597,359,5
18999,1067,4
20445,461,3
42608,2601,5
6887,110,5
18927,294,5
13683,781,4
45709,5546,3
31509,1636,3
50249,472,4
33772,1049,3
40304,4677,4
9941,51,1
21262,196,5
5106,1681,4
6694,757,5
43227,8916,3
24276,16,5
16658,9560,4
51641,282,5
23868,6504,3
28502,696,4
16033,576,4
33889,46,4
24647,130,3
16539,7102,3
24557,286,4
45499,9113,3
3363,819,3
43727,1155,3
51704,9892,5
23320,332,3
46866,95,4
21813,357,4
17107,1946,5
2286,327,3
8614,205,5
4292,1334,5
26099,381,4
13195,959,1
45300,858,5
44141,93,5
36430,59,5
3330,65,2
35934,7941,5
38446,67,2
2250,131,3
7458,745,2
37454,477,3
29633,409,3
22819,3608,4
42078,72,5
26979,311,5
25049,5701,5
32036,1414,4
24677,2884,4
14749,7,3
24308,2616,3
28890,512,5
42606,101,2
42561,304,3
15919,2179,3
31646,388,4
44225,334,5
34365,5259,5
25346,540,3
4600,4260,4
21732,606,3
3565,72,3
45670,785,5
32476,3116,4
27550,29,2
47576,485,3
27634,5072,3
47429,648,5
13279,1501,3
45714,86,5
41320,1439,4
12557,71,5
14430,2897,4
44697,1700,3
7640,1598,3
23727,1288,5
2188,358,5
11583,531,3
43253,9482,5
14081,371,5
12803,2709,3
18704,268,2
40446,319,3
45190,90,3
53364,1515,5
42477,24,4
19608,1346,5
30666,189,2
22544,5,3
34324,2561,3
30072,3089,5
